month,casual_rider,first_10_days,sec_10_days,last_10_days,no_of_rides(8am-4pm),no_of_rides(5pm-12am),no_of_rides(1am-7am),rides_on_sunday,rides_on_monday,rides_on_Tuesday,rides_on_Wednesday,rides_on_Thursday,rides_on_Friday,rides_on_saturday,ride_length_<4hr,ride_length_4hrto12hr,ride_length_>12hr,top_starting_station,top_ending_station
march,89882,25500,38659,25723,42508,41084,6290,16575,14449,10154,14540,12024,7156,14984,89612,180,90,Streeter Dr & Grand Ave,Streeter Dr & Grand Ave
april,126417,32419,34820,59178,63208,56887,6322,19388,12063,14550,10457,16779,16850,36330,89614,179,89,Streeter Dr & Grand Ave,Streeter Dr & Grand Ave
may,280415,57550,102882,119983,140209,126186,14020,55321,47469,35067,24066,33399,32238,52855,279575,560,280,Streeter Dr & Grand Ave,Streeter Dr & Grand Ave
june ,369051,102915,139938,126198,145284,192313,31454,65851,37005,38825,48387,57978,55868,65137,367780,152,1119,Streeter Dr & Grand Ave,Streeter Dr & Grand Ave
july,406055,139726,113788,152541,167567,203413,35075,78251,43971,41455,42850,47793,56505,95230,404831,903,321,Streeter Dr & Grand Ave,Streeter Dr & Grand Ave
august,358924,109553,126920,122451,144482,180652,33790,48154,42362,51509,51488,42353,56868,66190,357865,704,355,Streeter Dr & Grand Ave,Streeter Dr & Grand Ave
september,296697,120290,95440,80967,124700,142719,29278,36254,31052,29586,33504,45839,56385,64077,295991,429,277,Streeter Dr & Grand Ave,Streeter Dr & Grand Ave
october,208989,83627,49107,76255,101034,88351,19604,44681,27234,15694,20593,22585,25980,52222,208457,352,180,Streeter Dr & Grand Ave,Streeter Dr & Grand Ave
november,100772,54842,20925,25005,46662,43699,10406,12497,10300,15808,17779,17981,14538,11869,100553,122,97,Streeter Dr & Grand Ave,Streeter Dr & Grand Ave
december,44894,21427,13965,9502,20583,18807,5504,5343,4936,5917,5678,8177,7156,7687,44787,53,54,Streeter Dr & Grand Ave,Streeter Dr & Grand Ave
january,40008,15416,15775,8817,18047,16958,5003,6377,5698,6904,5978,5022,5012,5017,39885,64,59,Streeter Dr & Grand Ave,Streeter Dr & Grand Ave
february,43016,11277,19646,12093,21159,17982,3875,9955,6788,6853,4577,3712,4250,6881,42885,60,71,Streeter Dr & Grand Ave,Streeter Dr & Grand Ave
,,774542,,,,,,,,,,,,,,,,,
,,,,,,,,,,,,,,,,,,,
,,,,,,,,,,,,,,,,,,,
,,18%,,,,,,,,,,,,,,,,,
