month,casual_rider,member_rider,percent_of_casual_rider,first_10_days,sec_10_days,last_10_days,no_of_rides(8am-4pm),no_of_rides(5pm-12am),no_of_rides(1am-7am),rides_on_sunday,rides_on_monday,rides_on_Tuesday,rides_on_Wednesday,rides_on_Thursday,rides_on_Friday,rides_on_saturday,ride_length_<4hr,ride_length_4hrto12hr,ride_length_>12hr,top_starting_station,top_ending_station
march,89882,194160,32%,87660,105457,90925,129691,125330,29021,38643,43898,44560,50497,44165,27648,34631,283572,263,207,Streeter Dr & Grand Ave,Streeter Dr & Grand Ave
april,126417,244832,34%,103790,113649,153810,185624,167062,18563,44845,45994,54982,42844,55374,52813,74397,283190,568,284,Streeter Dr & Grand Ave,Streeter Dr & Grand Ave
may,280415,354443,44%,152740,234634,247484,317429,285686,31743,104095,109530,94610,69163,85062,74548,97850,632955,1269,634,Streeter Dr & Grand Ave,Streeter Dr & Grand Ave
june ,369051,400153,48%,230178,271478,267548,302748,387936,78520,114913,83796,93811,117184,131479,113190,114831,766968,960,1276,Streeter Dr & Grand Ave,Streeter Dr & Grand Ave
july,406055,417433,49%,265862,250639,306987,337841,404535,81112,137031,93821,98979,102461,108948,118149,164099,822074,903,511,Streeter Dr & Grand Ave,Streeter Dr & Grand Ave
august,358924,427008,46%,241277,265275,279380,314891,387471,83570,91126,104965,128227,128104,99863,115571,118076,784652,925,355,Streeter Dr & Grand Ave,Streeter Dr & Grand Ave
september,296697,404642,42%,259857,226912,214570,294450,331173,75716,71994,78474,86619,95011,122430,128715,118096,700199,863,277,Streeter Dr & Grand Ave,Streeter Dr & Grand Ave
october,208989,349696,37%,205180,151967,201538,260146,241077,57462,95047,85523,55442,69486,71824,71004,110359,557888,617,180,Streeter Dr & Grand Ave,Streeter Dr & Grand Ave
november,100772,236963,30%,173896,78403,85436,152946,145759,39017,33704,42605,61922,65227,57106,44862,32309,337343,295,97,Streeter Dr & Grand Ave,Streeter Dr & Grand Ave
december,44894,136912,25%,85957,60201,35648,83657,74642,23507,17460,23825,28025,25840,35272,26818,24566,181572,180,54,Streeter Dr & Grand Ave,Streeter Dr & Grand Ave
january,40008,150293,21%,64814,74907,50580,86793,79428,24080,22366,28347,36281,30721,27667,25121,19798,190025,196,80,Streeter Dr & Grand Ave,Streeter Dr & Grand Ave
february,43016,147429,23%,60803,74474,55168,89754,79765,20926,30292,31179,35484,25792,21852,21561,24285,190175,169,101,Streeter Dr & Grand Ave,Streeter Dr & Grand Ave
,,,36%,,,,,,,,,,,,,,,,,,
